4707678663,50249220@N00,383364.69,-339696.99
4707700959,50249220@N00,322303.77,-351981.07
4708313516,50249220@N00,-22181.5,-199614.82
4707708973,50249220@N00,275653.9,-373134.51
4707710299,50249220@N00,331544.19,-310478.78
4707671043,50249220@N00,60083.4,-147528.12
4708354828,50249220@N00,194508.22,-326072.37
4928818646,35895242@N07,380463.38,-333227.53
3917082553,31355801@N05,28310.65,-230116.1
4423079227,36989019@N08,63996.1,-129886.53
6131839090,36989019@N08,-201532.18,-99081.09
5353105540,36989019@N08,145779.34,-15921.41
6889891035,8593553@N05,222945.35,-81677.87
6889881371,8593553@N05,254917.25,-84904.29
6889909233,8593553@N05,368596.45,-193823.0
5409571231,58013111@N07,35972.07,-236352.41
5484310437,58013111@N07,47365.75,-270120.03
5199381469,14753651@N03,368290.89,-195741.86
3185441750,73994646@N00,-23147.03,-211142.34
2307605835,16268809@N04,-112738.4,-122461.33
2566076061,16268809@N04,361509.2,-179180.76
2035701258,16268809@N04,396732.25,-340766.17
2272699231,16268809@N04,-177540.05,-60297.15
7162058247,23660854@N07,394565.62,-189091.0
5810872062,23660854@N07,340475.04,-198349.04
3325112158,23660854@N07,406312.32,-255723.79
4653463686,23660854@N07,250784.63,-209095.18
3972556802,35247235@N02,293050.08,-361565.87
3972559770,35247235@N02,158071.72,-328730.43
3971792467,35247235@N02,277054.47,-121720.06
3971791463,35247235@N02,399393.83,-340100.78
3971790303,35247235@N02,346568.07,-349271.35
3972560322,35247235@N02,366008.41,-192544.34
3704435355,83646108@N00,49687.58,-267225.47
6626121971,29056926@N02,-22772.9,-211766.73
2750376825,10922042@N02,331557.42,-305972.04
2750344607,10922042@N02,343257.72,-346450.99
6485411481,90214320@N00,287635.07,-202314.41
6497031889,90214320@N00,320570.55,-200524.85
5399186516,32389209@N05,1357.6,-260246.55
1464207365,49642174@N00,-112402.84,-122082.7
4006173787,71207200@N00,-80650.98,-213653.86
8414598263,28683337@N07,-24065.65,-210690.82
2568429412,7593288@N07,-114613.57,-188804.44
2088196658,7593288@N07,-42299.01,-220011.88
2903470006,7593288@N07,-162299.8,-172579.77
8719743611,40522857@N07,160080.21,-214616.2
8610552584,40522857@N07,402926.95,-209620.63
5913912911,29233640@N07,34210.88,-167358.85
5386665572,29233640@N07,63616.61,-118751.5
7356355630,29233640@N07,-12198.93,-221619.48
3044654025,7895628@N03,150716.78,-327665.12
8726954845,7895628@N03,-151679.73,-172251.32
6972645063,60509459@N00,-22097.2,-210322.98
7674559908,26104563@N00,403766.69,-340858.82
7640989754,26104563@N00,163550.56,-308712.3
7658949740,26104563@N00,273107.53,-335771.63
7646790768,26104563@N00,371052.97,-336005.01
524346212,84495740@N00,257903.12,-370892.38
524352734,84495740@N00,266142.75,-339609.94
524410157,84495740@N00,147993.37,-327818.87
2281901483,33621289@N00,-55287.35,4013.8
2279559373,33621289@N00,-102774.41,-103806.2
2279352749,33621289@N00,-66926.21,-199801.1
2281133695,33621289@N00,-33254.43,29768.55
2282708494,33621289@N00,29157.2,-205472.34
4806322617,34829087@N06,-10683.79,-226120.46
4836105615,34829087@N06,371425.44,-342949.09
4806320271,34829087@N06,426340.68,-339561.34
5724747257,33098013@N05,140013.75,-292166.92
5724735209,33098013@N05,146053.16,-322617.18
4774411511,50313653@N04,336517.02,-225231.59
4748042028,50313653@N04,283162.03,-338818.83
5072139415,50313653@N04,444970.21,-349111.89
4774450099,50313653@N04,345315.27,-349149.21
4821903510,50313653@N04,64064.69,-130891.89
6129527836,50313653@N04,-18097.45,-218125.53
6182843599,16482030@N00,-11051.95,-181170.83
6293488799,98732074@N00,-7268.15,-36642.01
3464156443,98732074@N00,228012.46,-323371.86
4553715720,98732074@N00,-27153.7,-209376.02
8611569949,65251729@N08,-24450.12,-220724.82
7654667414,65251729@N08,275671.51,-127887.04
8681976191,65251729@N08,4847.93,-252767.94
4983106051,79821649@N00,423955.77,-342501.35
3221705092,42937777@N00,-20092.43,-211965.2
12828427795,48012277@N05,383369.92,-339875.99
6168597130,48012277@N05,244833.3,-196054.07
7927590188,72959997@N00,6416.51,-252850.97
8607279930,72959997@N00,8538.69,-221944.37
6338939241,72959997@N00,288390.88,-199536.24
7842876122,29820142@N08,265239.96,-131906.2
8473124906,13101981@N03,-25806.97,-212831.88
6184178582,93452909@N00,383719.75,-203865.98
5636962417,93452909@N00,313232.98,-124083.07
8952400113,69587043@N07,-16381.26,-138895.61
9256650368,69587043@N07,-49396.3,-184419.64
11765262275,69587043@N07,-96262.62,-89975.13
8959050843,69587043@N07,-36271.44,-112434.41
3660200077,29625499@N04,-116626.64,-183670.2
2244993241,86518301@N00,2048.92,-264822.64
4890502386,44004549@N05,-20484.13,-217542.6
9402849680,54829270@N00,288168.48,-203177.79
12552755634,54829270@N00,-73398.01,-188089.9
9176782981,54829270@N00,-23390.78,-212686.8
8668852489,54829270@N00,-58755.47,-214552.44
8760384167,54829270@N00,-156013.92,-169450.05
9400076895,54829270@N00,211890.09,-317543.1
5952993899,19059109@N00,-8777.77,-235770.5
5719814028,37632458@N00,-47402.32,-221777.56
5385581976,37632458@N00,-10303.9,-223033.58
5239177649,37632458@N00,-67561.86,-180567.41
5321467444,37632458@N00,126267.58,-12760.2
15698315,33251718@N00,-23346.63,-214332.27
8909095469,34450190@N08,255680.02,-178991.34
9346246029,34450190@N08,334082.54,-138977.43
9062377145,34450190@N08,177781.67,-323403.94
7744610630,34450190@N08,272425.86,-127509.12
9234386382,34450190@N08,410997.16,-126245.4
11346306583,9062441@N02,16859.42,-256261.76
2143822251,9062441@N02,26585.64,-226729.01
4285820475,9062441@N02,-20914.39,-198292.14
8686649530,8652332@N04,74850.13,-253925.44
6357123129,8652332@N04,61890.37,-142583.95
8067507360,8652332@N04,66108.87,-289987.0
5463991572,8652332@N04,180296.68,-283082.06
5470103419,8652332@N04,130047.6,-275729.36
6291595447,8652332@N04,-15013.88,-225789.18
4347003909,23326361@N04,50305.65,-220474.78
7065234785,23326361@N04,75549.71,-293199.72
3044588848,23326361@N04,113261.33,-204264.93
8546180917,23122254@N07,-115280.53,-180045.71
8547508496,23122254@N07,-22723.58,-211611.34
2567522679,24945172@N00,191388.24,-156184.43
6247339134,26105073@N03,4305.29,-190832.31
7560919776,26105073@N03,52767.4,-178313.68
7779082284,26105073@N03,177657.74,-323293.62
7895238490,26105073@N03,-19418.14,-212238.6
6330989844,26105073@N03,-473428.5,159335.38
3751772366,40911801@N00,359037.56,-295302.95
1289427238,10792703@N07,39657.35,-266072.12
3545276252,10792703@N07,373308.58,-197326.34
1978202730,90784314@N00,-133826.73,-149668.3
2667621039,90784314@N00,-67909.17,-191887.98
2353406082,90784314@N00,2911.95,-73862.99
5304360992,31608675@N00,373517.67,-337389.43
5521949184,72825507@N00,-294708.27,-77332.95
4538084127,50751757@N00,-13259.83,-168129.47
3119046430,50751757@N00,78423.24,-112125.26
2201403646,7761999@N05,230549.95,-323545.22
2200607375,7761999@N05,143485.25,-276200.26
2603572676,18645779@N00,-24593.54,-215200.83
5634573505,82312377@N00,-24490.9,-217139.11
5184220048,31254726@N03,101199.66,-89949.53
3888641181,11769539@N07,-15572.87,54513.02
3888631693,11769539@N07,-44423.52,86453.79
3889397138,11769539@N07,-9454.2,83679.02
4770687792,95756589@N00,-44023.81,-220580.52
6507935379,22649973@N05,-23589.28,-210209.57
7669388376,60717073@N00,250079.81,-95937.32
2594440160,35213961@N00,-34574.67,-159520.84
12353001844,57336354@N00,295812.52,-353823.1
5871537497,56619626@N05,-451451.34,162609.7
9202691961,56619626@N05,-41792.88,-210293.23
6031211258,56619626@N05,-11248.89,-180852.93
3235514797,73621375@N00,-24557.1,-216898.84
3247381394,73621375@N00,-154514.32,-169440.05
3915158388,26953850@N04,-39530.42,-181028.65
4148908257,26953850@N04,-25647.38,-214208.72
4082484122,26953850@N04,145743.34,-25799.4
3045246328,51378257@N00,-437777.77,151823.45
4208954067,51378257@N00,310952.7,-74837.77
8415635248,43667163@N00,86388.3,-303762.84
6434453609,43667163@N00,274855.74,-372704.19
9674749483,16462730@N02,-10727.43,-230159.86
9755672362,16462730@N02,-49989.5,-173128.27
7938304264,12430856@N07,401787.85,-182935.18
7953352748,12430856@N07,429266.71,-164900.42
6167945096,86078640@N00,37216.09,-233868.19
7296227162,86078640@N00,375046.29,-338656.23
544969725,47989670@N00,32813.54,-199156.96
2884302396,90365334@N00,333979.95,-139072.24
6106798979,90365334@N00,208830.94,-329796.29
6068714242,90365334@N00,50228.58,-236394.39
1420748384,90365334@N00,52651.85,-273038.96
239995469,84768384@N00,66340.19,-289824.72
2316593441,68072874@N00,-24413.17,-217139.11
5663153486,54899285@N06,-20647.33,-211492.32
457283526,85142239@N00,-40061.21,-219810.57
5211695005,22443621@N00,-62706.23,-192083.15
5211696185,22443621@N00,-153545.3,-170211.36
5211696575,22443621@N00,-13417.75,-198841.5
5211694909,22443621@N00,34136.05,-199625.6
5211697177,22443621@N00,-95528.33,-201000.5
8236242665,95394384@N00,-114057.77,-179968.82
5107460189,41463974@N00,345307.19,-206957.63
4870552123,41463974@N00,283732.64,-216653.65
2305922355,41463974@N00,274086.33,-177806.16
762457426,41463974@N00,342310.42,-345816.25
6884037374,7522203@N06,319361.4,-243643.37
3837871593,29171072@N08,-21524.44,-211648.02
3837065666,29171072@N08,-153728.35,-169870.02
3837058610,29171072@N08,-186175.85,-169743.63
2773282617,94051362@N00,317613.28,-350917.94
13231629793,95912351@N07,-21082.41,-211858.18
13230557313,95912351@N07,-114152.46,-180074.43
6058578301,12009668@N06,85601.55,-302479.27
5983241302,58708751@N00,-24983.01,-215362.94
10148987516,23822583@N08,79380.44,-297850.49
12071287984,23822583@N08,-30816.01,-220218.42
4664566372,11711545@N02,-74605.04,-167249.42
4017193741,11711545@N02,60851.03,-119275.25
5237730417,65355162@N00,-22320.61,-210899.64
5604191683,65355162@N00,-51039.51,-163045.15
5324284738,65355162@N00,-115183.69,-179462.37
5367454580,65355162@N00,193919.98,-172827.06
3156550813,12420978@N07,-151766.89,-171966.66
4691766816,62018003@N00,302892.76,-204507.5
6698352189,9651596@N02,80774.33,-109428.57
9309504200,59214791@N00,52920.05,-272558.52
9319821214,59214791@N00,422036.89,-349977.73
9319790536,59214791@N00,-9265.59,-200182.18
9310307658,59214791@N00,-66364.45,-214030.32
9322690842,59214791@N00,149456.09,-326435.14
9313165850,59214791@N00,23159.75,-259131.88
2424234540,11849171@N00,-13864.85,-198357.71
3626320286,49601964@N00,-156350.01,-168801.83
4308325423,49601964@N00,-114530.14,-179448.45
407143437,60991646@N00,13905.93,-112841.3
246273255,60991646@N00,-320028.14,-58343.04
402247252,60991646@N00,-17703.99,-217892.6
4017975987,31150609@N05,-66176.7,-174553.27
10070684485,23155134@N06,357980.74,-172275.97
10070691925,23155134@N06,389499.95,-193611.6
12338002083,35034347485@N01,-22059.95,-210749.92
4383975810,32462107@N00,-17564.99,-217947.43
4383974242,32462107@N00,-33873.55,-183915.76
2526399361,79083606@N00,-56463.29,-196759.44
5024413116,55716492@N00,-38343.14,-211559.42
28088237,42614915@N00,-11701.04,-203444.53
8377772511,62444557@N00,214787.55,-175406.42
8471783997,62444557@N00,-13594.17,-226302.09
8505494316,62444557@N00,154714.73,-329398.31
471351332,44124371338@N01,-22928.09,-213742.26
3943197557,51352098@N00,42179.1,-267683.02
3135065814,51352098@N00,-24538.63,-216971.84
8444136612,68001940@N00,60919.71,-270424.91
457834402,10783872@N00,-23404.45,-196809.54
6675224615,54199003@N00,-61532.13,-191116.54
6471093557,54199003@N00,-14791.74,-204121.57
2323318161,9147703@N03,-427589.12,170723.62
717915499,40279823@N00,12668.73,-249676.74
601984740,40279823@N00,-23628.53,-212695.59
4236381988,22244945@N00,295845.36,-354571.28
5670817377,42105126@N08,-70722.44,-161409.27
5920227061,30674850@N00,-8028.48,-229576.34
2665823639,36151080@N00,-16348.38,-224236.99
5924642661,36151080@N00,33641.11,-199426.61
2579219812,36151080@N00,61618.05,-123621.68
4736159287,36151080@N00,40196.24,-70016.08
6419708007,94022366@N00,378708.32,-336934.94
421387343,94022366@N00,426794.87,-340046.02
9536485,24208724@N00,191562.53,-156446.28
6615253241,44784417@N03,-26277.54,-220851.62
6231986429,48425108@N05,379048.65,-183711.6
5949676642,52822882@N07,-160672.74,-172541.81
444562969,86088434@N00,153863.85,-328848.25
2672947664,26216388@N02,-154560.66,-169468.77
4302776365,9298028@N05,39840.21,-265916.88
4303505410,9298028@N05,50223.14,-236449.15
1380664495,32106307@N00,-113563.05,-121822.87
3639053417,94415795@N00,43898.16,-268421.71
3639866816,94415795@N00,14857.39,-249840.24
3558549613,94415795@N00,66257.35,-225061.25
8761477555,73653333@N05,236878.35,-99762.38
7627708698,73653333@N05,29979.48,-259444.17
4770020383,51517883@N00,163244.83,-327832.77
4567295404,48855050@N00,-12717.75,-200672.2
2971664111,78233635@N00,53049.99,-211789.41
7343205414,60434932@N03,-23862.26,-107052.56
2691789540,7382084@N08,398033.55,-183179.69
2524236649,24539921@N08,-10653.18,-227382.74
2591516431,24539921@N08,-43394.18,-220487.35
1796988471,45183326@N00,-9771.3,-126705.36
9207805859,8073513@N03,370650.69,-188992.57
10163460006,8073513@N03,265385.56,-334113.61
12327528433,8073513@N03,-13702.21,-168906.2
9396783891,8073513@N03,334247.13,-138937.52
10711020644,8073513@N03,5244.13,-134345.45
9682400737,8073513@N03,411331.36,-126149.2
5321743875,8073513@N03,420653.93,-215085.19
7782423628,8073513@N03,261162.17,-154336.58
9222956845,8073513@N03,402768.3,-183464.19
7743339266,8073513@N03,273322.48,-128013.39
6695868579,42619648@N03,-29353.18,-218854.76
8034973229,42619648@N03,373824.07,-178001.7
4762015183,42619648@N03,-116555.72,-181972.82
2751907443,33733018@N00,-80619.11,-213599.81
2615682257,17366766@N00,-79894.29,-202591.93
11078294376,98786299@N00,29134.61,-26919.87
253041913,56384399@N00,288933.64,-201260.46
253044425,56384399@N00,114800.6,-231167.47
4542115537,27919058@N00,-72523.99,-171417.97
8680414207,59972430@N00,11600.14,-197570.78
10211074186,27572989@N02,-13258.63,-168167.22
7149323965,27572989@N02,-438394.41,162695.79
5195072283,27572989@N02,-91839.69,-165076.03
9493791557,27572989@N02,-27095.07,-218468.33
5004376333,16918182@N03,258205.62,-328294.53
5018536450,16918182@N03,280310.33,-126093.02
5017802621,16918182@N03,244284.58,-98385.06
5720077306,11280582@N02,345814.86,-348375.4
5720082296,11280582@N02,310974.34,-256893.02
5719526343,11280582@N02,329556.68,-133792.47
6242703169,81708185@N00,207835.09,-151363.25
5287212733,84767053@N00,-115271.43,-186311.46
3974240594,84767053@N00,-78974.37,-97760.39
5709972851,54430347@N04,363798.27,-343980.95
4216892726,41450005@N07,-46711.64,101203.26
5485418543,28139153@N00,102915.82,-229436.16
5525443480,28139153@N00,117164.71,-285317.71
6296563775,28139153@N00,188915.41,-149171.0
6091342507,28139153@N00,158720.31,-291780.81
6305637569,28139153@N00,203921.93,-119468.66
5545433953,28139153@N00,133106.95,-250199.83
3862009685,32762124@N00,-56905.69,-216287.6
4697976055,49129125@N00,-58568.7,-214524.68
3174309429,49129125@N00,-21548.59,-211664.73
5193939919,54803397@N00,-12068.58,-203397.9
8919246265,54970768@N04,213841.03,-80321.3
909300298,7884518@N04,82705.45,-299907.4
509335427,79855893@N00,-73317.68,-212426.41
533688137,81551401@N00,-8010.54,-236267.86
5465104307,81551401@N00,7600.36,-261917.54
1105753217,81551401@N00,-159011.61,-175622.64
1342135338,99357189@N00,188368.51,-189165.53
1341266081,99357189@N00,419693.59,-215182.85
1342148702,99357189@N00,327332.39,-204158.35
1342144492,99357189@N00,276482.29,-196751.82
4607683487,80951497@N00,-3057.93,-114816.07
1116085,48496790@N00,345043.12,-348944.49
5590077526,48496790@N00,-91532.45,-163822.56
4910914187,48496790@N00,-24301.78,-216423.54
6989044004,14913305@N00,-116094.78,-180041.58
254542192,74173260@N00,-11664.37,-230738.2
360492552,59017779@N00,-473335.74,189568.36
12375579553,22799676@N03,83029.56,-299876.73
4423636141,45894018@N08,35747.2,-37684.59
4249775333,45894018@N08,-22455.09,-220371.91
4495483852,45894018@N08,133621.35,-157027.75
4424494270,45894018@N08,-53608.03,-179672.42
8547252780,45894018@N08,79013.23,-100914.29
4260416923,45894018@N08,-6123.11,-112397.08
3224265100,28027240@N00,-102045.39,-159798.6
188338492,66113847@N00,288453.74,-202651.84
188338494,66113847@N00,346146.66,-348184.26
4291669242,89224091@N00,-8885.74,-234346.02
3676282990,68135943@N00,-10859.85,-225878.27
2429811287,74902165@N00,-22776.37,-213626.72
4069950481,35075971@N00,-26798.24,-212761.68
5554277745,36248859@N02,78686.22,-177817.58
5581474352,36248859@N02,-18727.2,-171443.5
5340987726,43013588@N03,307467.44,-195817.31
8500770126,92316880@N02,149575.23,-327842.89
8234135293,20452906@N04,289332.19,-203468.08
10221394885,69218326@N06,61251.96,-123903.65
5706329088,19745294@N06,-442135.19,142342.81
2128702872,70313510@N00,153109.22,-328671.52
4962672708,25328365@N00,288741.06,-201265.54
6793598313,27410306@N06,-11696.43,-204440.78
1461380552,65642485@N00,-137054.34,-65962.31
5936651,19756080@N00,-54403.5,-204926.86
3192134779,41969093@N00,48408.47,-270168.33
8430131101,41969093@N00,49643.83,-230249.74
5857924795,51711390@N08,442007.6,-344411.54
5060206417,51711390@N08,317362.35,-351006.19
27716313,57768426@N00,-248188.37,-119970.85
8584478350,86383385@N00,-442288.36,158114.24
8141761510,71488536@N00,22209.89,86380.24
6937373991,71488536@N00,-22384.79,-210115.06
237732180,29479031@N00,292674.73,-360469.68
237732863,29479031@N00,272076.77,-335223.98
237731006,29479031@N00,324381.23,-344800.0
13917395853,40243520@N02,-105133.54,-185477.44
7601089334,40243520@N02,64397.0,-131061.27
9958785135,40243520@N02,272668.51,-128059.52
8472797734,40243520@N02,1515.7,-260791.35
5385873793,40243520@N02,33627.19,-214642.65
6141931423,19714819@N00,165539.88,-327230.65
502986386,35034346178@N01,397300.8,-337362.24
7030981051,26788043@N02,53486.5,-273742.46
2784841501,34427470212@N01,449610.51,-349308.61
2736757790,10116041@N02,183156.03,-37583.84
2040200768,33521407@N00,51690.02,-272213.56
3332306901,33732094@N00,-76036.27,-180882.79
95951893,25602028@N00,164780.46,-290906.18
2189109724,25602028@N00,81725.78,-253773.2
6799796157,25602028@N00,99695.35,-315348.13
3337391892,25602028@N00,34362.54,-232099.66
4877644219,50182473@N00,266491.1,-333159.25
4878255582,50182473@N00,316988.98,-351476.67
5289892622,25951201@N07,-13555.53,-170701.16
8396064346,12983620@N00,-116351.91,-180099.91
8394980327,12983620@N00,-20294.77,-217247.94
11145934096,44846110@N07,3640.26,-165099.8
11709151386,44846110@N07,-14573.14,-194031.58
3716202338,8896423@N04,-459834.08,322904.24
2868925887,26097244@N02,-27509.18,-196673.64
13231541573,77915774@N00,52015.03,-272318.86
13229792993,77915774@N00,136877.7,-321978.63
13229650875,77915774@N00,165566.83,-327320.11
6106987952,42034487@N04,164740.7,-323339.05
5670327193,48631189@N03,365487.66,-344253.85
319863397,18448945@N00,-20671.93,-215682.75
3026600832,51035555243@N01,61686.67,-129834.1
342183345,51035555243@N01,-18043.28,-196846.67
8328945250,20290998@N08,9305.9,-245759.28
5385186981,33414236@N03,27675.57,-230328.94
1143125412,33498256@N00,176089.33,-55986.36
11200931703,87135065@N00,359728.93,-345080.34
13322378595,64432343@N07,41887.54,-267581.9
3772700485,79172203@N00,-24591.34,-216924.72
3719770482,22829128@N08,273258.7,-127543.24
3415530517,22829128@N08,-58607.8,-201725.49
4280509563,26526783@N07,7474.05,-48397.26
4930896803,95006327@N00,42142.66,-126803.51
4088997660,66025621@N00,37501.06,-255345.69
5845438997,44055945@N06,9316.44,-258343.79
3714290669,31359283@N00,-22705.09,-211393.58
6894028246,62356799@N06,257902.32,-330220.8
11886593215,62356799@N06,345468.78,-348938.39
12149310495,62356799@N06,280262.45,-360914.57
3921726853,62941576@N00,334062.55,-139041.0
11595153346,53021335@N00,60034.5,-240546.5
4968125021,65743191@N00,-22264.57,-211364.46
3684596103,14429081@N00,-22577.24,-210187.39
6995276153,44068917@N00,-24850.86,-217062.68
2163478185,10799516@N00,-22016.8,-210798.53
2350586207,82114843@N00,140763.67,-88763.32
7026124275,82114843@N00,-113936.6,-180539.77
11542314703,27435717@N00,-97786.02,-202044.87
3654847099,39175939@N00,66218.39,-265423.37
3458467038,34297642@N05,-153596.84,-173075.33
3291387879,34297642@N05,446159.64,-217109.9
5738587302,26275483@N00,144946.84,-70314.5
8246848780,71380981@N06,55259.2,-270041.67
8272851762,71380981@N06,89966.33,-303787.31
2513896680,92721301@N00,-110637.84,-193855.79
12025356864,19882095@N02,374550.59,-183536.29
12629115204,19882095@N02,313315.75,-123289.58
13141386255,19882095@N02,266905.15,-182807.54
13141176835,19882095@N02,389026.69,-214037.62
2051743264,93272236@N00,190095.29,-324773.23
2051741474,93272236@N00,114932.8,-320137.31
4399624627,8379824@N07,-115380.12,-179724.2
4399607933,8379824@N07,-21730.82,-211482.08
8696970797,92605333@N00,121377.12,-290894.69
242756855,30379316@N00,-29118.76,-145412.55
2412539784,8523884@N04,-22929.86,-213577.78
7104729523,54611602@N06,64922.11,-124799.86
8679764962,27604887@N05,-20342.38,-217622.28
8685028908,27604887@N05,-78754.52,-165860.03
10131750273,97559079@N05,345450.53,-348541.7
2566162379,7820145@N02,86620.24,-224764.52
7160871081,37883272@N07,-1701.52,-232416.21
3864206203,35136432@N07,-4782.38,78880.26
734578459,9405610@N02,-87157.76,-199963.47
755855773,9405610@N02,-45506.27,-217961.07
3238550310,90601831@N00,161559.14,-328501.15
2340656867,22674694@N04,134540.57,-78050.17
393457753,46751481@N00,-68054.57,-178891.44
10985825935,44124370018@N01,381344.91,-340826.12
773558271,31236502@N00,-74135.84,-212673.21
8650032279,34209020@N02,6214.23,-260677.33
8598342197,8135062@N07,-25518.41,-213787.65
6663825137,90454544@N00,105036.29,-284883.5
3654387782,41108635@N00,-22154.16,-211109.63
10310201236,41108635@N00,144699.61,-26939.58
1612270494,84952733@N00,-102575.9,-103361.39
6317824430,8915198@N06,-63892.15,-167650.27
2866940371,11374291@N05,428881.48,-342989.73
5740726866,22871800@N06,-48934.57,-204043.96
5463857884,24431382@N03,-33621.66,-169791.05
5600204883,31261500@N04,276237.8,-127488.69
3641758485,48372717@N00,-203269.03,-88298.98
2184150380,48372717@N00,-67333.12,-158943.38
831740726,48372717@N00,-8931.99,-224957.16
233249020,72324736@N00,-79465.81,-160534.49
9244025791,13815852@N06,-30227.52,-52060.25
9120212673,13815852@N06,57828.52,-261155.38
8620403455,13815852@N06,-190674.0,-166198.53
9360478027,13815852@N06,4578.06,-46972.74
3124220244,17593639@N08,-24579.81,-216915.01
7000406390,20723636@N03,27056.46,-113689.46
7254080478,83269398@N00,63571.13,-129741.09
13344681995,51243983@N08,-160063.16,-174424.77
2542759921,26085690@N04,365715.88,-192875.42
2920085281,80058533@N00,-22358.64,-210688.24
4412014118,17534006@N00,-65737.37,-191391.92
3634424544,8567662@N02,-20695.06,-214203.76
3677526120,8567662@N02,-159387.22,-173198.53
3172046931,59392555@N00,64994.89,-171181.05
3933158489,35091267@N04,-203087.73,-152528.5
3916421887,93381495@N00,-316658.97,138933.89
5189300030,33493932@N00,-56949.58,-212117.97
1189785708,10345328@N02,38824.16,-265690.25
2648113751,10345328@N02,449461.63,-349431.81
8977669631,50446746@N02,165240.98,-20450.99
8732100204,50446746@N02,-30415.1,35743.9
8009325521,50446746@N02,139061.06,-88038.15
3844638412,14282435@N00,81743.87,-265746.06
5989113421,42544714@N04,65060.05,-124886.44
3892951720,28019475@N04,391082.5,-192998.82
438945197,93228482@N00,379238.67,-184168.01
2027798263,7353007@N05,380112.23,-334274.66
2573052289,20195637@N00,421849.84,-350007.54
4752475247,40112366@N03,43176.1,-119691.6
6807664515,55204730@N08,446591.83,-218640.04
7332857034,64724295@N08,-13501.64,-198406.08
7995113553,27819017@N02,6745.13,-259972.45
6175288253,28650594@N03,26903.86,67502.1
479432373,19418358@N00,312133.64,-192787.08
5127319962,14580956@N08,378914.62,-185591.29
5195887756,17001563@N00,399361.06,-340913.23
2912077242,17774272@N00,375024.46,-85392.34
4692627652,41266898@N04,-70888.73,-170630.04
4606562513,41266898@N04,-20439.65,-217367.82
3957284179,70323761@N00,-22763.03,-211340.77
125286028,98318718@N00,99967.23,-452.35
5919918419,92237532@N00,46776.39,-246849.78
5237378880,34199992@N06,-264757.69,-104965.04
5237378602,34199992@N06,-175618.93,-171243.24
44119278,79543373@N00,-7120.72,-228220.9
9236111179,41821150@N02,382341.22,-340652.92
9022627658,50753774@N00,154787.63,-329465.69
1754391886,78078870@N00,130808.42,-85412.02
4767921571,28807271@N04,5951.41,-253015.7
7093987361,16725630@N00,-22248.94,-211169.38
7025810909,38116435@N00,360445.98,-189734.76
6462796559,38116435@N00,-22117.65,-211803.39
5564289943,17669664@N05,-437388.81,162699.07
297167276,33473816@N00,12808.98,-249625.03
2616848663,26519109@N02,88077.74,-110626.29
2607981284,26519109@N02,63063.89,-130349.44
2142415964,47882233@N00,164608.06,-188759.3
56285009,27718430@N00,160291.9,-288227.83
5609258756,10125052@N00,-102711.24,-159715.97
5178251034,10125052@N00,-51963.83,-222166.53
3814024612,73853155@N00,65389.41,-224035.16
1713273371,53991912@N00,-579140.29,266862.27
4565078984,21746901@N08,-13248.76,-200892.02
1120331281,38572265@N00,432162.95,-326170.92
29699039,53687491@N00,-465334.99,192524.99
5208113066,12727208@N00,66249.17,-223615.84
6923992571,24657811@N00,-42150.45,-220197.21
2214589892,22770082@N07,-152467.67,-173133.71
5714226154,29501028@N00,97831.6,-170782.54
5211686179,23344533@N00,275731.17,-120700.33
3105314291,87533642@N00,-24584.23,-216916.0
6101370141,13379011@N00,-86560.57,-175316.49
9737602019,57412095@N05,54424.81,-237741.17
8194242093,68489662@N05,294386.52,-216478.47
8624142508,68489662@N05,-23946.34,-213969.16
10282096806,37755964@N03,-40968.58,24891.59
1466411288,78589224@N00,441241.7,-344856.24
7122996211,35769931@N07,131562.48,-322231.68
58380933,79349162@N00,378961.82,-183541.63
4176330099,19121199@N00,62528.19,-250288.78
2609495822,19121199@N00,-23382.91,-211176.65
8698204063,64149699@N00,102507.52,-676.67
264869739,64149699@N00,137783.39,-325128.97
8332131726,22778453@N05,103873.8,-6986.83
67733136,11399912@N00,63878.45,-130939.67
727127381,70121902@N00,101099.67,-114961.2
2762089416,14976045@N02,-46911.53,-221947.19
5088541323,45469294@N07,-26857.79,-215548.24
4052378140,49503118795@N01,-197569.33,-158039.0
4909787844,52179512@N00,-19276.09,-222300.46
7750358492,84701463@N08,-22577.28,-211649.24
6227941841,35213698@N08,-20985.24,46778.23
5235318236,39822364@N03,-90125.21,-196304.46
2276134049,21945198@N05,-13618.89,-198581.37
8620261915,23807199@N00,-75002.92,-167485.44
8088436117,17289005@N03,20182.8,-161177.31
2918843491,88819329@N00,-19566.78,-218160.22
5454936101,74789365@N00,-10303.9,-223033.58
11523834765,69214385@N04,39359.87,-266977.68
10995774243,69214385@N04,60640.67,-240163.91
12607437283,96028526@N00,-20751.97,-217753.39
8372370540,18404707@N04,-44877.01,-152934.16
1385391989,41072040@N00,170352.99,-325392.8
1386285200,41072040@N00,119270.02,-318906.72
6798527741,63637045@N07,40741.33,-259402.17
498083089,29043563@N00,-22459.17,-220591.87
2952850200,22047548@N03,350164.6,-194933.39
3025975207,22047548@N03,384766.59,-204320.28
5002763821,22396270@N06,-223280.82,130589.2
8548197652,29191528@N00,-22510.6,-220345.75
545616715,34816987@N00,152557.19,-328164.69
8637944112,41597157@N00,57253.66,-261998.21
10075270013,96086754@N03,132438.27,-271847.28
3198046863,56766591@N00,-2062.95,-227242.24
957066496,51198263@N00,-49915.04,-174863.36
1465638211,48721826@N00,-163825.77,-171853.7
388908005,13772946@N00,-25924.5,-170458.75
2855369880,57846634@N00,-24559.33,-216906.91
6650427645,30503127@N08,-21473.43,-218196.94
6712148689,30503127@N08,28576.43,-27221.3
8160048785,55018094@N00,-101455.79,-153756.15
8183642837,55018094@N00,149573.54,-327202.11
5399586705,72213316@N00,351680.94,-194456.43
5907078539,25785809@N08,-441324.71,102708.33
7745724790,68899150@N07,-28949.53,-126143.79
322532385,28238346@N00,-26897.27,-217082.95
312460174,28238346@N00,-448591.6,179385.99
5165568821,99573715@N00,400328.39,-338593.1
1344383951,18966792@N00,-62043.26,-195396.71
2682686241,18966792@N00,-110658.59,-193891.2
5162763482,34076827@N00,-54519.47,-199693.72
1860684892,32374483@N00,37932.63,-176035.15
5317232531,35034356507@N01,152.45,-223394.59
3249150880,71401718@N00,-49340.21,-222060.83
2441663841,52713160@N00,-22895.16,-213699.62
12197422444,49503017814@N01,109474.32,-323148.55
486086925,63669472@N00,15686.79,-258643.76
5953039032,27351743@N08,-17035.16,-217958.1
6192416884,47604303@N00,11182.06,-260345.17
5277793325,47604303@N00,-4078.36,76132.65
6849501303,65468852@N05,149445.62,-326912.99
4165541960,53171632@N00,282648.43,-199321.39
5375532469,53460575@N03,317359.17,-350515.75
2471289393,7302101@N08,-113414.48,-122776.33
155324458,89495020@N00,-22246.96,-212188.91
2551328297,15845498@N00,-162293.18,-172784.42
7554396888,21202718@N00,27988.94,-261000.5
4585721424,79248695@N00,84325.27,-112718.25
8348255684,82693125@N00,-8972.95,-198252.94
8348255704,82693125@N00,31043.4,-200607.85
5326059387,8513373@N03,-8551.29,-179339.74
4792086247,15969227@N04,-21511.72,-214014.25
3925729433,37067430@N04,-468735.08,204050.71
7723572812,62466827@N02,8569.35,-246806.59
8642059044,90786362@N04,406822.52,-215533.75
155344249,35034364763@N01,-51303.65,-206904.53
4033528571,8998833@N07,-45467.33,-212459.65
2483179507,33919032@N00,-160715.4,-172608.84
13954997866,7633518@N08,37731.51,-264780.51
3172313152,7633518@N08,33586.2,-214481.0
4519579813,43772195@N00,299283.44,-256592.5
6962026810,83372564@N00,405861.1,-342203.76
3070803816,67194633@N00,417528.9,-345341.95
4832873989,99185699@N00,-59019.61,-203002.3
8083056220,22663008@N04,-22675.64,-215078.74
149547097,24015827@N00,264558.37,-334071.33
9031869308,35034350343@N01,-22522.61,-210109.12
6179620712,52756090@N05,-23405.75,-217357.56
3469211291,51035647214@N01,-24590.41,-216926.55
5554745142,46769540@N00,-65510.55,-179152.85
61662341,91905221@N00,-13319.9,-197888.95
6504997,35711028@N00,60950.58,-109310.11
337235689,40948556@N00,-21097.28,-211517.9
4671385890,10179711@N00,1215.08,-163392.75
1199432576,33154090@N00,-101339.79,-90235.11
3810700960,89165847@N00,202403.6,-328370.03
688013402,14161458@N00,51320.85,-271218.64
160995973,36048076@N00,-114384.14,-173633.25
4722530506,25870444@N05,390876.22,-193893.66
401668737,68005051@N00,410495.25,-126425.08
267502202,53687766@N00,120635.08,-81860.6
486540241,53687766@N00,82422.83,-107747.62
6930616743,62747032@N00,-26005.97,-212052.61
1247047120,22342650@N00,191428.41,-324952.78
528797517,35468140287@N01,323745.59,-196665.72
9160256527,35457712@N05,243523.9,-293831.01
8612132986,35457712@N05,126807.93,-190013.79
11538181353,35034347347@N01,-52900.09,-198620.61
3894617391,31957940@N04,89033.57,-306231.58
5115461091,13459767@N04,93795.63,-108842.42
420286093,7330015@N08,274203.97,-216300.88
1254828338,52641994@N00,52693.7,-272723.16
2850433,37996647372@N01,252620.7,-97159.61
182995086,49502995517@N01,-27610.85,-212266.4
2823295036,11438926@N00,-46711.43,-206239.7
3235490613,21269989@N07,-39612.99,-213154.03
3127102775,21269989@N07,50222.27,-236445.86
8545632531,41894184928@N01,-56815.32,-216355.22
3234569500,85853333@N00,126198.32,-139465.06
5063839830,24364736@N00,69845.44,-240753.13
7531071492,82236391@N08,324256.98,-344266.11
2743805390,12187063@N02,-94334.04,-169306.49
6302660469,46956797@N00,405854.78,-342221.91
8195726752,66641326@N03,-380235.31,-12515.15
179861791,49503142513@N01,-86916.22,-159385.71
34460950,74281168@N00,368358.25,-194262.87
5697210529,30734078@N02,-3578.7,-56611.21
53834587,77736600@N00,403709.58,-341061.28
3556167049,39437133@N00,-114247.04,-173374.78
377271805,16064708@N00,421847.48,-350034.5
2599145807,21302065@N00,-11637.94,-199555.4
7436462396,57038239@N00,-61887.49,-203331.87
2997622841,61335192@N00,-27147.34,-193594.32
3925124677,74888386@N00,-21519.86,-219600.61
8654640816,90724465@N05,54384.56,-261912.61
2664165733,13585868@N02,318336.08,-339593.99
3692332175,84538755@N00,-30783.68,-220297.27
5271877546,24823165@N00,292314.51,-22046.51
41626558,84518681@N00,-60495.93,-164581.26
2864165402,29845002@N02,427864.0,-342309.92
1315439874,88431403@N00,-184311.41,-169583.29
2753201913,25009361@N02,406681.29,-342551.9
3069028954,89306448@N00,-24998.79,-213087.04
8028134192,79261307@N00,-25327.86,-216273.46
182774209,27304305@N00,63361.02,-130115.5
4071893019,45159115@N00,-13597.19,-198581.82
1630423838,80602288@N00,334025.85,-139024.46
3720686343,45527691@N00,1937.83,-229357.94
9857635175,17277074@N00,122840.25,-279197.67
2177674170,22426268@N04,-20994.27,-200354.81
4684611690,40401117@N06,-15691.05,-201209.01
4628551448,23002449@N02,-32531.23,-147085.53
4507138212,67551917@N00,382028.63,-340552.2
266272833,58301600@N00,378647.01,-183297.81
4553307917,98601772@N00,-7190.05,-177796.99
314438133,46698212@N00,-21402.07,-199068.07
3533929997,66737497@N00,292966.43,-218271.8
8409837883,53484592@N05,-35873.05,-156005.29
5951310694,23746138@N06,6214.23,-260677.33
881029026,7202153@N03,-23097.47,-211684.8
2575856953,7200755@N07,379054.12,-183717.75
3637369922,48889107219@N01,-22862.45,-212028.1
5445706901,17766786@N00,403924.28,-160708.36
9550487345,59297553@N08,-39687.08,-219828.67
296893773,94321631@N00,320918.09,-200869.04
9865030113,25654955@N03,289923.51,-206902.45
3883178879,14929095@N02,378414.86,-183763.12
9688004994,43943756@N07,-155329.72,-169260.78
5727117450,81296919@N00,47031.02,-269951.18
2123352253,34755846@N00,92055.38,-309020.46
2610126359,12027145@N00,82575.65,-113711.0
5170509486,7604548@N07,-116403.11,-182946.71
6186792427,61163819@N06,63382.87,-129546.93
3808889370,23976429@N00,352099.15,-349223.85
2152806967,46213661@N00,-22704.3,-211709.47
3501460407,98299992@N00,-85569.61,-176006.63
196773136,65969615@N00,-22090.5,-217848.81
3872649359,18203847@N00,-114570.41,-179588.31
4611388020,18203847@N00,74346.46,-112213.98
3620162590,24060897@N05,-24590.04,-216919.06
6844784896,50247175@N00,-74495.1,-212537.94
1261208766,19661199@N00,-17575.77,-217896.8
4455587239,41098896@N00,364600.35,-344518.3
4332169021,27596814@N07,-63160.81,-191756.98
3173367120,18434910@N00,-24538.63,-216971.84
5434996095,8787500@N05,-85308.18,-213431.96
5772183388,37996646802@N01,36393.9,-233342.95
11701142,55606408@N00,-128894.71,-136838.61
12135393223,41246700@N05,-315157.53,-66834.18
68038467,82337243@N00,-127291.33,-161457.55
2104024199,13151086@N00,27142.61,-215248.37
3387365085,20009658@N00,29579.52,-253840.35
2293594217,25238809@N00,-72571.31,-168446.7
13963468684,52911412@N05,-153947.24,-169702.8
720947745,97976243@N00,50592.53,-269071.1
265865633,60445767@N00,-166957.49,-173156.98
2915112689,49773521@N00,149827.59,-328000.58
6394586693,36704819@N08,317535.98,-350951.84
4506492333,84263554@N00,301976.33,-204195.24
9907153985,35034345586@N01,-34433.89,-217902.98
160909192,77182645@N00,-23088.43,-212634.13
8623202255,65648747@N06,33497.59,-214670.82
6122667606,52199636@N00,-48951.1,-221751.31
6236608019,75255041@N00,-33233.8,28933.16
7640176858,75255041@N00,367919.32,-194599.52
334636816,82674553@N00,309393.04,-127202.52
3442762983,27102144@N04,-21172.4,-199646.15
6107202905,66268266@N00,-13402.66,-196940.61
3945609887,41955963@N00,-23363.09,-216975.82
4600133768,16914249@N08,203235.7,-199323.8
437106176,29359469@N00,314977.63,-120423.7
2093970432,20334918@N04,448963.0,-349303.3
7748827712,48896557@N00,-24651.42,-210498.84
7186856551,27109792@N00,81340.94,-186172.53
325316350,50457550@N00,-21918.77,-210607.27
8517292620,24965986@N00,-25945.59,-213016.72
3614500362,24574316@N07,-18339.36,-222381.08
7409260234,12142935@N08,389340.54,-194677.75
5860268300,42231043@N00,-101062.58,-145830.78
13308826385,60682071@N08,-31532.81,-194770.36
5382375513,55514420@N00,-21035.94,-215277.0
8680416418,34186459@N00,-22955.38,-213558.11
3737791795,34186459@N00,-66299.51,-183658.43
3904171535,44124466908@N01,-23640.47,-212707.25
276549892,94246031@N00,-95104.78,-154355.82
8106675979,94246031@N00,-24400.03,-220798.11
2383963255,94246031@N00,-88943.12,-183231.63
3478050419,61635869@N00,141197.35,-79045.41
222563099,61635869@N00,200442.84,-3005.8
128685708,61635869@N00,293994.49,-102019.11
3225897278,61635869@N00,147521.73,-137601.1
128707509,61635869@N00,288831.48,-201261.24
3534843964,61635869@N00,334085.63,-139027.55
3512243230,61635869@N00,177545.16,-133453.21
6937254453,61635869@N00,231635.1,-14661.22
2820422872,61635869@N00,394356.88,-186497.74
8316026283,61635869@N00,258810.49,-77838.37
7865242842,61635869@N00,253716.84,-43848.74
4302480699,9812708@N03,189164.51,-153628.32
407395606,77858019@N00,1428.89,-198965.07
220222665,77858019@N00,-24539.69,-220941.56
257117043,77858019@N00,-63442.98,-183950.0
2388667423,78317199@N00,52916.73,-266181.86
3275306475,78317199@N00,238173.51,-323387.18
3275294577,78317199@N00,133210.05,-209877.21
4468519545,78317199@N00,-77787.05,-164070.94
3275307545,78317199@N00,111106.04,-319067.24
2855124402,78317199@N00,-28562.33,-214170.74
3276116580,78317199@N00,269192.92,-265553.11
2388645653,78317199@N00,27548.32,-231278.31
2855137664,78317199@N00,108001.04,-229277.76
2854299541,78317199@N00,93260.63,-262247.65
3275295025,78317199@N00,29372.48,-201383.7
2552237047,79053562@N00,-23685.45,-211717.85
1939638796,79053562@N00,-64825.0,-183654.4
486005386,21203533@N00,64501.69,-221539.61
4466898897,21203533@N00,24833.18,-214562.73
3475491020,58076831@N00,416873.1,-345256.32
3475485336,58076831@N00,370752.84,-342897.24
3757307402,99392248@N00,49010.46,-270791.81
4845194105,99392248@N00,41474.21,-118165.9
3015031310,99392248@N00,-17089.12,-201445.6
2529891097,99392248@N00,-45156.43,-168272.55
3581136802,99392248@N00,386171.45,-173905.38
2565629803,99392248@N00,8804.72,-162096.7
1910753073,99392248@N00,335510.61,-202796.63
4430709935,99392248@N00,-105054.38,-9873.73
3852959464,99392248@N00,37380.79,-67509.36
4263663917,99392248@N00,131921.92,-68620.33
3493480640,99392248@N00,166724.9,-133725.68
4353174030,99392248@N00,97861.85,-235671.72
3670551549,99392248@N00,220627.93,-109066.89
3584097915,99392248@N00,148323.77,-253844.98
4277827845,99392248@N00,82247.47,-111753.67
4423678391,99392248@N00,-59951.46,-65359.44
2815359954,99392248@N00,128435.77,-185242.1
2951950041,99392248@N00,28328.94,-213146.22
4320573054,99392248@N00,145284.94,-32664.39
3666653931,99392248@N00,210153.19,-67784.39
2513252402,99392248@N00,177472.35,-188350.8
2780877016,99392248@N00,198788.56,-40774.89
3987245999,20563484@N05,-1341.18,-110722.58
4207459366,20563484@N05,-33946.72,-95641.27
8670242686,74135127@N00,-22463.87,-211906.58
1154953495,74135127@N00,-101225.75,-89693.0
2318393933,74135127@N00,-14524.65,-171238.22
10331878916,74135127@N00,-181010.72,-170492.43
5495646875,54726853@N00,-25360.09,-211996.23
132393342,54726853@N00,-74637.31,-168320.67
8666446477,54726853@N00,-37077.36,-182994.47
7771497620,54726853@N00,106506.37,-144908.84
190533238,54726853@N00,-128977.34,-124867.0
5940263945,90802476@N00,-4552.44,-236349.12
6616365771,90802476@N00,127522.24,-299720.62
5940542489,90802476@N00,90103.45,-262199.58
5798494839,86803208@N00,64882.32,-287510.73
450304083,83073783@N00,57907.15,-252177.43
485858448,64452212@N00,74710.52,-102067.75
867002256,64452212@N00,192715.41,-157506.53
475221694,64452212@N00,358705.27,-171154.44
475221634,64452212@N00,11564.49,-198574.81
719040597,64452212@N00,-13236.22,-168109.66
491282299,64452212@N00,-23209.31,-221072.42
485936097,64452212@N00,63274.48,-136362.35
8133158719,32782751@N07,-85393.08,-206423.72
7174762292,32782751@N07,-37942.62,-166191.27
4816079990,32782751@N07,-115719.27,-179997.63
8398432473,66733752@N00,281092.23,-132364.59
10003121124,66733752@N00,341012.81,-198478.35
9382349066,24354425@N03,68784.77,-80902.03
10164578343,24354425@N03,74300.63,-110881.73
1318312958,10588069@N00,74216.78,-102188.51
245221224,10588069@N00,-56601.85,-196863.21
127307416,10588069@N00,115012.98,-242686.35
8114347850,79781814@N00,-112515.22,-122167.79
8546353470,79781814@N00,-24671.74,-214081.23
3001678982,37882873@N00,423989.93,-129080.9
2942790651,37882873@N00,265576.31,-63393.86
4582887384,37882873@N00,312043.87,-279435.16
3653263001,37882873@N00,391751.66,-147741.95
4584464020,37882873@N00,266786.48,-338050.45
5259840172,37882873@N00,345986.4,-42182.78
4587348001,37882873@N00,292575.18,-351582.28
5016397633,37882873@N00,388681.41,-198191.46
6365365911,55327152@N03,-20899.85,-193317.2
3023398710,50655813@N00,426266.69,-337880.05
3022587285,50655813@N00,-21258.37,-194920.24
3674280462,50938313@N00,864.37,-159857.86
3740320105,50938313@N00,-78824.74,-43889.78
3640085297,50938313@N00,-46964.06,-84656.53
7277363150,11563230@N04,229441.39,-323577.47
7299721174,11563230@N04,425362.67,-343591.75
8590718097,11563230@N04,-62849.5,-204904.16
9887177054,11563230@N04,-9392.29,-226109.88
7284272956,11563230@N04,354832.35,-349463.88
13944547734,11563230@N04,157754.67,-328714.61
5250034801,11563230@N04,-91252.38,-197522.17
4084584928,61237180@N00,-21994.65,-211637.44
2346852506,37598713@N00,-25292.32,-210650.98
3366104202,37598713@N00,-63085.93,-191720.18
286792414,37598713@N00,-258542.1,-105700.04
8354155017,16921893@N00,-20576.03,-215378.93
4539023571,17065592@N00,-22902.81,-213522.28
2134342459,9104739@N03,212455.59,-178976.78
2102353973,9104739@N03,287989.54,-199472.28
2096582261,9104739@N03,275716.95,-128013.68
1473245235,9104739@N03,241122.27,-181898.29
2044831873,9104739@N03,357344.51,-190718.52
4642253965,9104739@N03,191815.52,-155442.56
248578418,35034360258@N01,-23454.89,-212462.23
248165237,35034360258@N01,-204553.96,-149747.21
248165468,35034360258@N01,-155560.53,-167475.61
106006441,58117789@N00,138528.27,118.46
942255803,58117789@N00,-10806.71,-197186.3
2613280439,58117789@N00,-18757.42,31811.41
2534738702,58117789@N00,13638.72,-37621.55
3171337459,58117789@N00,-13179.63,-164146.97
92754582,58117789@N00,-16554.77,61119.58
1362740129,58117789@N00,-115055.53,-178764.99
163624815,92238055@N00,251117.87,-117879.03
165443352,92238055@N00,186823.14,-154250.31
77781396,92238055@N00,235764.02,-213470.81
151715465,92238055@N00,-55732.22,41860.28
751000394,92238055@N00,317430.64,-352611.19
151715513,92238055@N00,357277.82,-190478.74
749087896,77567460@N00,-13231.12,-197502.15
748251213,77567460@N00,-54011.14,-186290.08
6668633455,12168005@N00,-444554.67,242718.19
6668427095,12168005@N00,-430483.1,174204.67
6926925524,48282656@N00,-62658.43,-185140.6
8609335811,48282656@N00,-21506.31,-210695.89
8461021446,48282656@N00,-154628.59,-166136.31
7887745518,48282656@N00,53746.68,-243002.99
8512657342,48282656@N00,60529.39,-134840.75
6933007010,68240136@N02,-23146.84,-213151.01
115387779,99745516@N00,-109496.71,-180925.99
64981494,56118505@N00,-19117.85,-217854.04
44916337,56118505@N00,-74795.27,-193248.21
8335060795,91296795@N08,-59588.61,-215849.53
1388942373,30932831@N00,601.71,-159832.83
3646071680,30932831@N00,12002.86,-198352.86
310895768,22077905@N00,-21134.4,-198476.62
3317297450,22077905@N00,-29708.48,-140731.38
163641095,22077905@N00,-29343.21,35875.25
6109440095,22077905@N00,334043.28,-139043.61
3396331843,55437289@N00,-112601.33,-122232.15
3260069080,31169339@N07,336933.24,-141725.71
7674778834,70391892@N08,184932.54,-21405.7
7367649502,70391892@N08,201878.16,-202489.85
7530928298,70391892@N08,192300.13,-157935.55
5979903061,58781173@N00,33629.7,-214752.07
4698544080,58781173@N00,-152705.8,-171384.84
5551697249,58781173@N00,-26988.52,-213548.6
5237346204,58781173@N00,64592.04,-123038.14
5770563394,58781173@N00,23230.35,-258389.79
4922053627,58781173@N00,265140.35,-335067.95
4869421930,58781173@N00,-3329.18,-244221.87
2252303352,9993075@N06,98247.74,-92711.53
2874070822,87857621@N00,-25626.51,-214060.42
5375254738,48048313@N02,-21078.64,-211586.38
6072722583,48048313@N02,-31861.64,-146100.77
8641205186,48048313@N02,-161200.04,-105021.32
6158808046,48048313@N02,-101993.26,-200987.38
5557146323,48048313@N02,-53830.59,-167342.87
11352773396,48048313@N02,-105206.06,-103965.31
8627543248,48048313@N02,-19341.01,-33356.71
10316805676,48048313@N02,-153213.24,-173367.47
12467952385,48048313@N02,106205.81,-34068.79
10264147595,48048313@N02,-38750.31,29704.56
9721271211,48048313@N02,-73591.16,-144706.86
9021918395,48048313@N02,28734.24,2319.91
6119570054,48048313@N02,-13452.36,-168593.81
8217390737,26088363@N00,78741.93,-297458.0
6071304561,26088363@N00,21626.98,-164207.87
5025289898,26088363@N00,-73609.46,-152244.77
8217393351,26088363@N00,31173.84,-253474.38
8603216217,26088363@N00,-154918.91,-174963.09
5025288780,26088363@N00,-38726.38,-146952.67
5215008841,26088363@N00,33572.66,-214533.87
8001954454,26088363@N00,-32764.49,40196.47
8217396413,26088363@N00,1836.25,-261715.17
9674531419,26088363@N00,367119.98,-334476.25
10754222056,75683070@N00,-21863.24,-210269.93
3124843991,75683070@N00,-74081.75,-167185.36
13409515924,75683070@N00,-165342.82,-173834.77
10753662655,75683070@N00,-41253.72,-140263.24
13414170855,75683070@N00,-162671.56,-103480.82
10753654665,75683070@N00,-36469.17,-92731.39
13407779584,75683070@N00,46810.5,-164733.76
10753742476,75683070@N00,-8056.99,-113888.61
8603684714,75683070@N00,-447161.85,352449.96
541901954,99535234@N00,-5841.66,-188688.12
833672466,99535234@N00,1389.91,-221769.26
3262041976,99535234@N00,-129077.25,-136823.85
1232770451,99535234@N00,33620.9,-214515.76
3191115219,99535234@N00,10973.66,-260618.77
2519533153,42228490@N00,-20493.36,-212805.49
8172824247,44124455441@N01,-112560.51,-122248.98
2761110008,25250430@N08,-27153.67,-193647.37
2760120591,25250430@N08,-115031.54,-179376.16
9283267465,66801522@N00,153808.71,-54431.54
2619659397,25556560@N00,254216.56,-324986.16
2622224946,25556560@N00,345512.7,-348403.51
2170350301,25556560@N00,193346.78,-325629.74
2170349043,25556560@N00,163521.4,-327627.68
10610095324,91355793@N02,-32483.5,33295.43
9800613554,91355793@N02,102175.14,-13362.04
8587225250,91355793@N02,-171426.18,-105774.12
8745797660,91355793@N02,-164600.1,-173735.1
8559146924,91355793@N02,-17095.25,-203362.3
8564770739,91355793@N02,-116572.67,-182987.39
11067996444,91355793@N02,149685.26,-327547.33
11353388005,91355793@N02,365360.81,-342644.71
11172554373,91355793@N02,381415.63,-187458.1
11329206265,91355793@N02,296731.04,-365264.88
12948865893,91355793@N02,-90542.6,-195971.72
2444346691,68601487@N00,-22912.85,-213673.16
5626481497,70221037@N00,39747.4,-266920.19
7391842302,70221037@N00,7509.38,-229389.5
5855815368,70221037@N00,223196.92,-339604.6
5855811596,70221037@N00,251270.93,-322463.62
2933287373,58519896@N00,-112546.32,-122207.8
